{"cameraMode":{"drawMode":0,"name":"Shaded","section":"Shading Mode"},"sceneLighting":false,"audioPlay":false,"sceneViewState":{"showFog":true,"showMaterialUpdate":false,"showSkybox":false,"showFlares":true,"showImageEffects":true,"showParticleSystems":true},"in2DMode":false,"pivot":{"x":-0.16285857558250428,"y":-0.08590751886367798,"z":0.28034844994544985},"rotation":{"x":-0.2966994643211365,"y":0.6099427342414856,"z":-0.26387420296669009,"w":-0.6858124732971191},"size":4.328948497772217,"orthographic":false}