{"cameraMode":{"drawMode":0,"name":"Shaded","section":"Shading Mode"},"sceneLighting":true,"audioPlay":false,"sceneViewState":{"showFog":true,"showMaterialUpdate":false,"showSkybox":true,"showFlares":true,"showImageEffects":true,"showParticleSystems":true},"in2DMode":false,"pivot":{"x":404.1185607910156,"y":445.34698486328127,"z":-296.8479309082031},"rotation":{"x":-0.16307736933231355,"y":0.003548688255250454,"z":-0.0005872640758752823,"w":-0.9866093993186951},"size":334.29913330078127,"orthographic":false}