{"cameraMode":{"drawMode":0,"name":"Shaded","section":"Shading Mode"},"sceneLighting":true,"audioPlay":false,"sceneViewState":{"showFog":true,"showMaterialUpdate":false,"showSkybox":false,"showFlares":true,"showImageEffects":true,"showParticleSystems":true},"in2DMode":false,"pivot":{"x":6.602137565612793,"y":-4.019639492034912,"z":0.181412935256958},"rotation":{"x":-0.27315863966941836,"y":-0.38601142168045046,"z":0.12080876529216767,"w":-0.8728054761886597},"size":9.723807334899903,"orthographic":false}