{"cameraMode":{"drawMode":0,"name":"Shaded","section":"Shading Mode"},"sceneLighting":true,"audioPlay":false,"sceneViewState":{"showFog":true,"showMaterialUpdate":false,"showSkybox":true,"showFlares":true,"showImageEffects":true,"showParticleSystems":true},"in2DMode":false,"pivot":{"x":-0.9518327713012695,"y":2.8957300186157228,"z":2.456894874572754},"rotation":{"x":-0.09097547829151154,"y":0.908805251121521,"z":-0.27696019411087038,"w":-0.29853329062461855},"size":32.676719665527347,"orthographic":false}