{"cameraMode":{"drawMode":0,"name":"Shaded","section":"Shading Mode"},"sceneLighting":true,"audioPlay":false,"sceneViewState":{"showFog":true,"showMaterialUpdate":false,"showSkybox":true,"showFlares":true,"showImageEffects":true,"showParticleSystems":true},"in2DMode":false,"pivot":{"x":233.56134033203126,"y":495.7155456542969,"z":52.42442321777344},"rotation":{"x":-0.16307736933231355,"y":0.003548688255250454,"z":-0.0005872640758752823,"w":-0.9866093993186951},"size":256.5135192871094,"orthographic":false}