{"cameraMode":{"drawMode":0,"name":"Shaded","section":"Shading Mode"},"sceneLighting":false,"audioPlay":false,"sceneViewState":{"showFog":true,"showMaterialUpdate":false,"showSkybox":false,"showFlares":true,"showImageEffects":true,"showParticleSystems":true},"in2DMode":false,"pivot":{"x":2.940000057220459,"y":3.0309958457946779,"z":1.25600004196167},"rotation":{"x":-0.27315863966941836,"y":-0.38601142168045046,"z":0.12080876529216767,"w":-0.8728054761886597},"size":0.3815563917160034,"orthographic":false}