{"cameraMode":{"drawMode":0,"name":"Shaded","section":"Shading Mode"},"sceneLighting":true,"audioPlay":false,"sceneViewState":{"showFog":true,"showMaterialUpdate":false,"showSkybox":true,"showFlares":true,"showImageEffects":true,"showParticleSystems":true},"in2DMode":false,"pivot":{"x":-1.9268755912780762,"y":-12.179729461669922,"z":38.537960052490237},"rotation":{"x":0.13927897810935975,"y":0.03266773000359535,"z":-0.004596998915076256,"w":0.9897042512893677},"size":96.1638412475586,"orthographic":false}